,accuracy,AUC,f1_score,curve
12,0.8246385920804525,0.898624940907926,0.7385192127460168,
13,0.8233000623830318,0.8864454991913353,0.6997084548104956,
14,0.8058012026883622,0.864379806394723,0.6710605152786099,
15,0.8140625,0.8764804036136455,0.723431227551236,
16,0.7677442023893183,0.818934020104085,0.7612856626941134,
